<?xml version="1.0" encoding="UTF-8"?>
<!--
~ Copyright (c) 2013 Google Inc. All Rights Reserved.
~
~ Licensed under the Apache License, Version 2.0 (the "License"); you
~ may not use this file except in compliance with the License. You may
~ obtain a copy of the License at
~
~     http://www.apache.org/licenses/LICENSE-2.0
~
~ Unless required by applicable law or agreed to in writing, software
~ distributed under the License is distributed on an "AS IS" BASIS,
~ WITHOUT WARRANTIES OR CONDITIONS OF ANY KIND, either express or
~ implied. See the License for the specific language governing
~ permissions and limitations under the License.
-->

<actions>
  <action>
    <actionName>CUSTOM-appengine:gcloud</actionName>
    <displayName>appengine:run</displayName>
    <goals>
      <goal>jetty:run-exploded</goal>
    </goals>
  </action>
  <action>
    <actionName>CUSTOM-appengine:gcloud</actionName>
    <displayName>appengine:deploy</displayName>
    <goals>
      <goal>appengine:deploy</goal>
    </goals>
  </action>
</actions>
